<?xml version="1.0" encoding="UTF-8" standalone="yes"?>
<addon id="Repo.Kodi" name="TRuHa Add-ons" version="0.0.1" provider-name="TRuHa Add-ons">
	<extension point="xbmc.addon.repository" name="TRuHa Add-ons Repository">
		<info compressed="false">http://raw.github.com/robsonflorentino/supernerd.repositorio/master/addons.xml</info>
		<checksum>http://raw.github.com/robsonflorentino/supernerd.repositorio/master/addons.xml.md5</checksum>
		<datadir zip="true">http://raw.github.com/robsonflorentino/supernerd.repositorio/master/repo/</datadir>
	</extension>
	<extension point="xbmc.addon.metadata">
		<summary>
          Instala TRuHa Add-ons
        </summary>
		<description>
          Descarga y Instala add-ons de TRuHa Add-ons repository.
        </description>
		<platform>all</platform>
	</extension>
</addon>