<?xml version="1.0" encoding="UTF-8" standalone="yes"?>
<addon id="service.autofan"
       name="Auto Fan"
       version="0.0.1"
       provider-name="">
  <requires>
    <import addon="xbmc.python" version="2.1.0"/>
  </requires>
  <extension point="xbmc.service" library="default.py" >
    <summary>AutoFan.</summary>
    <description>
Activa ventilación regulada segun temperatura de CPU
    </description>
    <disclaimer>

    </disclaimer>
    <platform>all</platform>
    <news>
v0.0.1
- Primeras pruebas
    </news>
    <assets>
      <icon>resources/icon.png</icon>

    </assets>
  </extension>
</addon>